<?xml version="1.0" encoding="UTF-8" standalone="yes"?>
<addon id="repository.htechnology" name="H Technology" version="0.0.1" provider-name="Hakim Technology">
	<extension point="xbmc.addon.repository" name="H Technology">
		<dir>
			<info compressed="false">https://raw.githubusercontent.com/my_github_hakimtech/repository.htechnology/master/zips/addons.xml</info>
	        <checksum>https://raw.githubusercontent.com/my_github_hakimtech/repository.htechnology/master/zips/addons.xml.md5</checksum>
		    <datadir zip="true">https://raw.githubusercontent.com/my_github_hakimtech/repository.htechnology/master/zips/</datadir>
		</dir>
		
	<extension point="xbmc.addon.metadata">
		<summary lang="en">Used For Kodi  Addon Developement</summary>
		<description lang="en">This is a fantastic repo Kodi Addon Development</description>
		<genre>devtools,documentary,downloads,health,howto,livetv,movies,music,skin,sports,subscription,tech,tvshows,wizard,spanish,uk,usa</genre>
	</extension>
</addon>