<?xml version="1.0" encoding="UTF-8" standalone="yes"?>
<addon id="repository.testrepo" name="My Test Repo" version="0.0.1" provider-name="Me,myself and i">
	<extension point="xbmc.addon.repository" name="My Test Repo">
		<dir>
			<info compressed="false">https://raw.githubusercontent.com/totalrevolution/python-koding/master/zips/addons.xml</info>
			<checksum>https://raw.githubusercontent.com/totalrevolution/python-koding/master/zips/addons.xml.md5</checksum>
			<datadir zip="true">https://raw.githubusercontent.com/totalrevolution/python-koding/master/zips/</datadir>
		</dir>
		<info compressed="false">https://raw.githubusercontent.com/my_github_hakimtech/repository.testrepo/master/zips/addons.xml</info>
		<checksum>https://raw.githubusercontent.com/my_github_hakimtech/repository.testrepo/master/zips/addons.xml.md5</checksum>
		<datadir zip="true">https://raw.githubusercontent.com/my_github_hakimtech/repository.testrepo/master/zips/</datadir>
	</extension>
	<extension point="xbmc.addon.metadata">
		<summary lang="en">Quick one liner about the repository</summary>
		<description lang="en">great repo</description>
		<genre>devtools,movies,tvshows,uk,usa</genre>
	</extension>
</addon>